timeStamp,elapsed,label,responseCode,responseMessage,threadName,dataType,success,failureMessage,bytes,sentBytes,grpThreads,allThreads,URL,Latency,IdleTime,Connect
1741322815773,929,HTTP Request,200,OK,Thread Group 1-1,text,true,,122123,175,1,1,https://www.amazon.in/,489,0,99
1741322816702,1139,HTTP Request,200,OK,Thread Group 1-1,text,true,,121591,175,1,1,https://www.amazon.in/,356,0,0
1741322817842,929,HTTP Request,200,OK,Thread Group 1-1,text,true,,124391,175,1,1,https://www.amazon.in/,379,0,0
1741322818771,928,HTTP Request,200,OK,Thread Group 1-1,text,true,,119479,175,1,1,https://www.amazon.in/,376,0,0
1741322819699,858,HTTP Request,200,OK,Thread Group 1-1,text,true,,120343,175,2,2,https://www.amazon.in/,480,0,0
1741322819773,825,HTTP Request,200,OK,Thread Group 1-2,text,true,,127340,175,2,2,https://www.amazon.in/,423,0,32
1741322820557,914,HTTP Request,200,OK,Thread Group 1-1,text,true,,119622,175,2,2,https://www.amazon.in/,342,0,0
1741322820598,905,HTTP Request,200,OK,Thread Group 1-2,text,true,,116364,175,2,2,https://www.amazon.in/,318,0,0
1741322821504,904,HTTP Request,200,OK,Thread Group 1-2,text,true,,122867,175,2,2,https://www.amazon.in/,324,0,0
1741322821472,944,HTTP Request,200,OK,Thread Group 1-1,text,true,,118031,175,2,2,https://www.amazon.in/,359,0,0
1741322822417,942,HTTP Request,200,OK,Thread Group 1-1,text,true,,118961,175,2,2,https://www.amazon.in/,360,0,0
1741322822409,951,HTTP Request,200,OK,Thread Group 1-2,text,true,,124137,175,2,2,https://www.amazon.in/,346,0,0
1741322823360,899,HTTP Request,200,OK,Thread Group 1-1,text,true,,110042,175,3,3,https://www.amazon.in/,327,0,0
1741322823360,919,HTTP Request,200,OK,Thread Group 1-2,text,true,,123771,175,3,3,https://www.amazon.in/,330,0,0
1741322823774,956,HTTP Request,200,OK,Thread Group 1-3,text,true,,114288,175,3,3,https://www.amazon.in/,421,0,26
1741322824279,920,HTTP Request,200,OK,Thread Group 1-2,text,true,,125588,175,3,3,https://www.amazon.in/,334,0,0
1741322824260,997,HTTP Request,200,OK,Thread Group 1-1,text,true,,119616,175,3,3,https://www.amazon.in/,348,0,0
1741322824730,972,HTTP Request,200,OK,Thread Group 1-3,text,true,,118181,175,2,2,https://www.amazon.in/,427,0,0
1741322825200,902,HTTP Request,200,OK,Thread Group 1-2,text,true,,124647,175,2,2,https://www.amazon.in/,440,0,0
1741322825702,823,HTTP Request,200,OK,Thread Group 1-3,text,true,,115911,175,2,2,https://www.amazon.in/,373,0,0
1741322826102,866,HTTP Request,200,OK,Thread Group 1-2,text,true,,120234,175,2,2,https://www.amazon.in/,325,0,0
1741322826526,928,HTTP Request,200,OK,Thread Group 1-3,text,true,,117543,175,2,2,https://www.amazon.in/,352,0,0
1741322826968,853,HTTP Request,200,OK,Thread Group 1-2,text,true,,117268,175,3,3,https://www.amazon.in/,325,0,0
1741322827454,837,HTTP Request,200,OK,Thread Group 1-3,text,true,,111852,175,3,3,https://www.amazon.in/,357,0,0
1741322827821,833,HTTP Request,200,OK,Thread Group 1-2,text,true,,119501,175,3,3,https://www.amazon.in/,399,0,0
1741322827770,938,HTTP Request,200,OK,Thread Group 1-4,text,true,,114632,175,2,2,https://www.amazon.in/,445,0,92
1741322828292,829,HTTP Request,200,OK,Thread Group 1-3,text,true,,116224,175,2,2,https://www.amazon.in/,337,0,0
1741322828709,906,HTTP Request,200,OK,Thread Group 1-4,text,true,,115926,175,2,2,https://www.amazon.in/,341,0,0
1741322829121,898,HTTP Request,200,OK,Thread Group 1-3,text,true,,123362,175,2,2,https://www.amazon.in/,451,0,0
1741322829616,812,HTTP Request,200,OK,Thread Group 1-4,text,true,,116184,175,2,2,https://www.amazon.in/,396,0,0
1741322830020,977,HTTP Request,200,OK,Thread Group 1-3,text,true,,124963,175,2,2,https://www.amazon.in/,319,0,0
1741322830429,768,HTTP Request,200,OK,Thread Group 1-4,text,true,,119379,175,2,2,https://www.amazon.in/,367,0,0
1741322830998,838,HTTP Request,200,OK,Thread Group 1-3,text,true,,118904,175,3,3,https://www.amazon.in/,413,0,0
1741322831198,888,HTTP Request,200,OK,Thread Group 1-4,text,true,,118374,175,3,3,https://www.amazon.in/,372,0,0
1741322831772,937,HTTP Request,200,OK,Thread Group 1-5,text,true,,114659,175,3,3,https://www.amazon.in/,381,0,72
1741322831837,886,HTTP Request,200,OK,Thread Group 1-3,text,true,,119513,175,3,3,https://www.amazon.in/,307,0,0
1741322832088,930,HTTP Request,200,OK,Thread Group 1-4,text,true,,118261,175,2,2,https://www.amazon.in/,334,0,0
1741322832710,822,HTTP Request,200,OK,Thread Group 1-5,text,true,,120993,175,2,2,https://www.amazon.in/,320,0,0
1741322833019,922,HTTP Request,200,OK,Thread Group 1-4,text,true,,127810,175,2,2,https://www.amazon.in/,353,0,0
1741322833533,866,HTTP Request,200,OK,Thread Group 1-5,text,true,,120335,175,2,2,https://www.amazon.in/,409,0,0
1741322833942,1116,HTTP Request,200,OK,Thread Group 1-4,text,true,,108448,175,2,2,https://www.amazon.in/,324,0,0
1741322834400,863,HTTP Request,200,OK,Thread Group 1-5,text,true,,123360,175,2,2,https://www.amazon.in/,659,0,0
1741322835058,853,HTTP Request,200,OK,Thread Group 1-4,text,true,,118870,175,3,3,https://www.amazon.in/,475,0,0
1741322835264,929,HTTP Request,200,OK,Thread Group 1-5,text,true,,120597,175,3,3,https://www.amazon.in/,373,0,0
1741322835912,789,HTTP Request,200,OK,Thread Group 1-4,text,true,,119481,175,3,3,https://www.amazon.in/,316,0,0
1741322835772,998,HTTP Request,200,OK,Thread Group 1-6,text,true,,122332,175,2,2,https://www.amazon.in/,417,0,37
1741322836193,943,HTTP Request,200,OK,Thread Group 1-5,text,true,,115670,175,2,2,https://www.amazon.in/,337,0,0
1741322836771,810,HTTP Request,200,OK,Thread Group 1-6,text,true,,116005,175,2,2,https://www.amazon.in/,375,0,0
1741322837137,918,HTTP Request,200,OK,Thread Group 1-5,text,true,,118422,175,2,2,https://www.amazon.in/,362,0,0
1741322837582,797,HTTP Request,200,OK,Thread Group 1-6,text,true,,113451,175,2,2,https://www.amazon.in/,475,0,0
1741322838055,838,HTTP Request,200,OK,Thread Group 1-5,text,true,,118033,175,2,2,https://www.amazon.in/,328,0,0
1741322838380,811,HTTP Request,200,OK,Thread Group 1-6,text,true,,111656,175,2,2,https://www.amazon.in/,352,0,0
1741322838894,806,HTTP Request,200,OK,Thread Group 1-5,text,true,,123608,175,2,2,https://www.amazon.in/,309,0,0
1741322839192,881,HTTP Request,200,OK,Thread Group 1-6,text,true,,121829,175,3,3,https://www.amazon.in/,360,0,0
1741322839701,923,HTTP Request,200,OK,Thread Group 1-5,text,true,,124970,175,3,3,https://www.amazon.in/,305,0,0
1741322839783,876,HTTP Request,200,OK,Thread Group 1-7,text,true,,115846,175,2,2,https://www.amazon.in/,351,0,30
1741322840074,865,HTTP Request,200,OK,Thread Group 1-6,text,true,,122702,175,2,2,https://www.amazon.in/,310,0,0
1741322840659,832,HTTP Request,200,OK,Thread Group 1-7,text,true,,116206,175,2,2,https://www.amazon.in/,322,0,0
1741322840940,816,HTTP Request,200,OK,Thread Group 1-6,text,true,,116214,175,2,2,https://www.amazon.in/,368,0,0
1741322841492,806,HTTP Request,200,OK,Thread Group 1-7,text,true,,120998,175,2,2,https://www.amazon.in/,334,0,0
1741322841757,848,HTTP Request,200,OK,Thread Group 1-6,text,true,,119257,175,2,2,https://www.amazon.in/,381,0,0
1741322842299,827,HTTP Request,200,OK,Thread Group 1-7,text,true,,118177,175,2,2,https://www.amazon.in/,315,0,0
1741322842606,932,HTTP Request,200,OK,Thread Group 1-6,text,true,,116803,175,2,2,https://www.amazon.in/,353,0,0
1741322843127,799,HTTP Request,200,OK,Thread Group 1-7,text,true,,120551,175,3,3,https://www.amazon.in/,385,0,0
1741322843538,892,HTTP Request,200,OK,Thread Group 1-6,text,true,,125116,175,3,3,https://www.amazon.in/,377,0,0
1741322843776,970,HTTP Request,200,OK,Thread Group 1-8,text,true,,118488,175,2,2,https://www.amazon.in/,359,0,35
1741322843926,867,HTTP Request,200,OK,Thread Group 1-7,text,true,,115118,175,2,2,https://www.amazon.in/,331,0,0
1741322844746,931,HTTP Request,200,OK,Thread Group 1-8,text,true,,119581,175,2,2,https://www.amazon.in/,377,0,0
1741322844793,960,HTTP Request,200,OK,Thread Group 1-7,text,true,,119200,175,2,2,https://www.amazon.in/,334,0,0
1741322845677,813,HTTP Request,200,OK,Thread Group 1-8,text,true,,119338,175,2,2,https://www.amazon.in/,370,0,0
1741322845753,869,HTTP Request,200,OK,Thread Group 1-7,text,true,,116645,175,2,2,https://www.amazon.in/,607,0,0
1741322846491,945,HTTP Request,200,OK,Thread Group 1-8,text,true,,116439,175,2,2,https://www.amazon.in/,346,0,0
1741322846622,856,HTTP Request,200,OK,Thread Group 1-7,text,true,,115080,175,2,2,https://www.amazon.in/,314,0,0
1741322847437,902,HTTP Request,200,OK,Thread Group 1-8,text,true,,118564,175,3,3,https://www.amazon.in/,415,0,0
1741322847479,915,HTTP Request,200,OK,Thread Group 1-7,text,true,,116785,175,3,3,https://www.amazon.in/,391,0,0
1741322847780,1018,HTTP Request,200,OK,Thread Group 1-9,text,true,,123077,175,2,2,https://www.amazon.in/,599,0,189
1741322848340,856,HTTP Request,200,OK,Thread Group 1-8,text,true,,118732,175,2,2,https://www.amazon.in/,385,0,0
1741322848798,1078,HTTP Request,200,OK,Thread Group 1-9,text,true,,118303,175,2,2,https://www.amazon.in/,341,0,0
1741322849197,872,HTTP Request,200,OK,Thread Group 1-8,text,true,,127355,175,2,2,https://www.amazon.in/,458,0,0
1741322849876,822,HTTP Request,200,OK,Thread Group 1-9,text,true,,119880,175,2,2,https://www.amazon.in/,399,0,0
1741322850069,864,HTTP Request,200,OK,Thread Group 1-8,text,true,,114513,175,2,2,https://www.amazon.in/,358,0,0
1741322850699,1024,HTTP Request,200,OK,Thread Group 1-9,text,true,,117316,175,2,2,https://www.amazon.in/,325,0,0
1741322850933,864,HTTP Request,200,OK,Thread Group 1-8,text,true,,117344,175,3,3,https://www.amazon.in/,310,0,0
1741322851723,879,HTTP Request,200,OK,Thread Group 1-9,text,true,,117168,175,3,3,https://www.amazon.in/,406,0,0
1741322851797,851,HTTP Request,200,OK,Thread Group 1-8,text,true,,120211,175,3,3,https://www.amazon.in/,370,0,0
1741322851775,905,HTTP Request,200,OK,Thread Group 1-10,text,true,,115433,175,2,2,https://www.amazon.in/,394,0,42
1741322852680,869,HTTP Request,200,OK,Thread Group 1-10,text,true,,125262,175,2,2,https://www.amazon.in/,340,0,0
1741322852603,986,HTTP Request,200,OK,Thread Group 1-9,text,true,,116116,175,2,2,https://www.amazon.in/,344,0,0
1741322853589,914,HTTP Request,200,OK,Thread Group 1-9,text,true,,122890,175,2,2,https://www.amazon.in/,312,0,0
1741322853550,987,HTTP Request,200,OK,Thread Group 1-10,text,true,,123376,175,2,2,https://www.amazon.in/,381,0,0
1741322854505,881,HTTP Request,200,OK,Thread Group 1-9,text,true,,110318,175,2,2,https://www.amazon.in/,367,0,0
1741322854537,1008,HTTP Request,200,OK,Thread Group 1-10,text,true,,123048,175,2,2,https://www.amazon.in/,320,0,0
1741322855388,776,HTTP Request,200,OK,Thread Group 1-9,text,true,,119748,175,2,2,https://www.amazon.in/,473,0,0
1741322855547,961,HTTP Request,200,OK,Thread Group 1-10,text,true,,120936,175,2,2,https://www.amazon.in/,357,0,0
1741322856165,976,HTTP Request,200,OK,Thread Group 1-9,text,true,,117856,175,2,2,https://www.amazon.in/,344,0,0
1741322856510,1006,HTTP Request,200,OK,Thread Group 1-10,text,true,,122377,175,1,1,https://www.amazon.in/,466,0,0
1741322857517,830,HTTP Request,200,OK,Thread Group 1-10,text,true,,118342,175,1,1,https://www.amazon.in/,384,0,0
1741322858348,789,HTTP Request,200,OK,Thread Group 1-10,text,true,,120161,175,1,1,https://www.amazon.in/,379,0,0
1741322859137,1288,HTTP Request,200,OK,Thread Group 1-10,text,true,,121013,175,1,1,https://www.amazon.in/,535,0,0
1741322860426,921,HTTP Request,200,OK,Thread Group 1-10,text,true,,123647,175,1,1,https://www.amazon.in/,304,0,0
